old_field_id,old_display_name,rank,new_field_id,new_display_name,works,share_of_old
11,Agricultural and Biological Sciences,1,11,Agricultural and Biological Sciences,9923542,0.4885
11,Agricultural and Biological Sciences,2,33,Social Sciences,1340277,0.066
11,Agricultural and Biological Sciences,3,23,Environmental Science,1328090,0.0654
11,Agricultural and Biological Sciences,4,13,"Biochemistry, Genetics and Molecular Biology",1265610,0.0623
11,Agricultural and Biological Sciences,5,27,Medicine,1041311,0.0513
11,Agricultural and Biological Sciences,6,,(no topic),1023736,0.0504
11,Agricultural and Biological Sciences,7,12,Arts and Humanities,938929,0.0462
11,Agricultural and Biological Sciences,8,22,Engineering,748569,0.0368
11,Agricultural and Biological Sciences,9,31,Physics and Astronomy,455199,0.0224
11,Agricultural and Biological Sciences,10,19,Earth and Planetary Sciences,315755,0.0155
11,Agricultural and Biological Sciences,,(other),17 others,1933296,0.0952
12,Arts and Humanities,1,12,Arts and Humanities,17378069,0.6245
12,Arts and Humanities,2,33,Social Sciences,4450873,0.1599
12,Arts and Humanities,3,,(no topic),1499369,0.0539
12,Arts and Humanities,4,32,Psychology,599354,0.0215
12,Arts and Humanities,5,22,Engineering,567022,0.0204
12,Arts and Humanities,6,27,Medicine,493064,0.0177
12,Arts and Humanities,7,17,Computer Science,405504,0.0146
12,Arts and Humanities,8,31,Physics and Astronomy,372602,0.0134
12,Arts and Humanities,9,11,Agricultural and Biological Sciences,359263,0.0129
12,Arts and Humanities,10,19,Earth and Planetary Sciences,274049,0.0098
12,Arts and Humanities,,(other),17 others,1429045,0.0514
13,"Biochemistry, Genetics and Molecular Biology",1,13,"Biochemistry, Genetics and Molecular Biology",8463642,0.4453
13,"Biochemistry, Genetics and Molecular Biology",2,27,Medicine,2531696,0.1332
13,"Biochemistry, Genetics and Molecular Biology",3,11,Agricultural and Biological Sciences,1437736,0.0756
13,"Biochemistry, Genetics and Molecular Biology",4,31,Physics and Astronomy,768550,0.0404
13,"Biochemistry, Genetics and Molecular Biology",5,,(no topic),757808,0.0399
13,"Biochemistry, Genetics and Molecular Biology",6,33,Social Sciences,719634,0.0379
13,"Biochemistry, Genetics and Molecular Biology",7,22,Engineering,686829,0.0361
13,"Biochemistry, Genetics and Molecular Biology",8,12,Arts and Humanities,679538,0.0358
13,"Biochemistry, Genetics and Molecular Biology",9,23,Environmental Science,591810,0.0311
13,"Biochemistry, Genetics and Molecular Biology",10,16,Chemistry,421228,0.0222
13,"Biochemistry, Genetics and Molecular Biology",,(other),17 others,1948658,0.1025
14,"Business, Management and Accounting",1,14,"Business, Management and Accounting",4904035,0.505
14,"Business, Management and Accounting",2,33,Social Sciences,1706476,0.1757
14,"Business, Management and Accounting",3,20,"Economics, Econometrics and Finance",638708,0.0658
14,"Business, Management and Accounting",4,17,Computer Science,375299,0.0386
14,"Business, Management and Accounting",5,22,Engineering,325699,0.0335
14,"Business, Management and Accounting",6,12,Arts and Humanities,290806,0.0299
14,"Business, Management and Accounting",7,18,Decision Sciences,270078,0.0278
14,"Business, Management and Accounting",8,,(no topic),261697,0.0269
14,"Business, Management and Accounting",9,27,Medicine,164257,0.0169
14,"Business, Management and Accounting",10,11,Agricultural and Biological Sciences,154351,0.0159
14,"Business, Management and Accounting",,(other),17 others,619841,0.0638
15,Chemical Engineering,1,15,Chemical Engineering,401692,0.4522
15,Chemical Engineering,2,22,Engineering,136697,0.1539
15,Chemical Engineering,3,16,Chemistry,103279,0.1163
15,Chemical Engineering,4,25,Materials Science,55531,0.0625
15,Chemical Engineering,5,23,Environmental Science,26431,0.0298
15,Chemical Engineering,6,31,Physics and Astronomy,22158,0.0249
15,Chemical Engineering,7,27,Medicine,16034,0.018
15,Chemical Engineering,8,33,Social Sciences,15814,0.0178
15,Chemical Engineering,9,,(no topic),14748,0.0166
15,Chemical Engineering,10,13,"Biochemistry, Genetics and Molecular Biology",14551,0.0164
15,Chemical Engineering,,(other),17 others,81440,0.0917
16,Chemistry,1,16,Chemistry,3767685,0.5503
16,Chemistry,2,31,Physics and Astronomy,376373,0.055
16,Chemistry,3,,(no topic),335114,0.0489
16,Chemistry,4,25,Materials Science,313037,0.0457
16,Chemistry,5,22,Engineering,309723,0.0452
16,Chemistry,6,13,"Biochemistry, Genetics and Molecular Biology",269673,0.0394
16,Chemistry,7,12,Arts and Humanities,241764,0.0353
16,Chemistry,8,27,Medicine,219903,0.0321
16,Chemistry,9,11,Agricultural and Biological Sciences,214085,0.0313
16,Chemistry,10,23,Environmental Science,146336,0.0214
16,Chemistry,,(other),17 others,653013,0.0954
17,Computer Science,1,17,Computer Science,10289131,0.4537
17,Computer Science,2,33,Social Sciences,1950941,0.086
17,Computer Science,3,22,Engineering,1830472,0.0807
17,Computer Science,4,31,Physics and Astronomy,1650634,0.0728
17,Computer Science,5,,(no topic),1547188,0.0682
17,Computer Science,6,12,Arts and Humanities,1250140,0.0551
17,Computer Science,7,11,Agricultural and Biological Sciences,581675,0.0256
17,Computer Science,8,26,Mathematics,556440,0.0245
17,Computer Science,9,32,Psychology,416424,0.0184
17,Computer Science,10,27,Medicine,383328,0.0169
17,Computer Science,,(other),17 others,2222413,0.098
18,Decision Sciences,1,18,Decision Sciences,1008730,0.2878
18,Decision Sciences,2,33,Social Sciences,405237,0.1156
18,Decision Sciences,3,14,"Business, Management and Accounting",334757,0.0955
18,Decision Sciences,4,17,Computer Science,273299,0.078
18,Decision Sciences,5,22,Engineering,243854,0.0696
18,Decision Sciences,6,,(no topic),235614,0.0672
18,Decision Sciences,7,12,Arts and Humanities,161377,0.046
18,Decision Sciences,8,31,Physics and Astronomy,136473,0.0389
18,Decision Sciences,9,20,"Economics, Econometrics and Finance",123945,0.0354
18,Decision Sciences,10,26,Mathematics,123088,0.0351
18,Decision Sciences,,(other),17 others,458763,0.1309
19,Earth and Planetary Sciences,1,19,Earth and Planetary Sciences,3174430,0.4317
19,Earth and Planetary Sciences,2,31,Physics and Astronomy,639290,0.0869
19,Earth and Planetary Sciences,3,,(no topic),584999,0.0796
19,Earth and Planetary Sciences,4,23,Environmental Science,571277,0.0777
19,Earth and Planetary Sciences,5,22,Engineering,513471,0.0698
19,Earth and Planetary Sciences,6,12,Arts and Humanities,406721,0.0553
19,Earth and Planetary Sciences,7,11,Agricultural and Biological Sciences,399802,0.0544
19,Earth and Planetary Sciences,8,33,Social Sciences,363422,0.0494
19,Earth and Planetary Sciences,9,13,"Biochemistry, Genetics and Molecular Biology",145940,0.0198
19,Earth and Planetary Sciences,10,17,Computer Science,108136,0.0147
19,Earth and Planetary Sciences,,(other),17 others,446310,0.0607
20,"Economics, Econometrics and Finance",1,20,"Economics, Econometrics and Finance",3548921,0.2757
20,"Economics, Econometrics and Finance",2,,(no topic),3222788,0.2503
20,"Economics, Econometrics and Finance",3,33,Social Sciences,1868697,0.1451
20,"Economics, Econometrics and Finance",4,12,Arts and Humanities,1055589,0.082
20,"Economics, Econometrics and Finance",5,14,"Business, Management and Accounting",784980,0.061
20,"Economics, Econometrics and Finance",6,27,Medicine,328678,0.0255
20,"Economics, Econometrics and Finance",7,22,Engineering,280227,0.0218
20,"Economics, Econometrics and Finance",8,31,Physics and Astronomy,276061,0.0214
20,"Economics, Econometrics and Finance",9,11,Agricultural and Biological Sciences,245920,0.0191
20,"Economics, Econometrics and Finance",10,23,Environmental Science,219820,0.0171
20,"Economics, Econometrics and Finance",,(other),17 others,1042875,0.081
21,Energy,1,21,Energy,826480,0.4757
21,Energy,2,22,Engineering,295874,0.1703
21,Energy,3,23,Environmental Science,114737,0.066
21,Energy,4,33,Social Sciences,65910,0.0379
21,Energy,5,20,"Economics, Econometrics and Finance",55647,0.032
21,Energy,6,11,Agricultural and Biological Sciences,50485,0.0291
21,Energy,7,,(no topic),40721,0.0234
21,Energy,8,19,Earth and Planetary Sciences,40676,0.0234
21,Energy,9,25,Materials Science,39748,0.0229
21,Energy,10,13,"Biochemistry, Genetics and Molecular Biology",31314,0.018
21,Energy,,(other),17 others,175755,0.1012
22,Engineering,1,22,Engineering,25838228,0.4371
22,Engineering,2,33,Social Sciences,6689396,0.1132
22,Engineering,3,12,Arts and Humanities,3531201,0.0597
22,Engineering,4,27,Medicine,3020424,0.0511
22,Engineering,5,31,Physics and Astronomy,2929532,0.0496
22,Engineering,6,17,Computer Science,2311730,0.0391
22,Engineering,7,,(no topic),1787016,0.0302
22,Engineering,8,14,"Business, Management and Accounting",1682872,0.0285
22,Engineering,9,23,Environmental Science,1557769,0.0264
22,Engineering,10,25,Materials Science,1526474,0.0258
22,Engineering,,(other),17 others,8243698,0.1394
23,Environmental Science,1,23,Environmental Science,7283765,0.4232
23,Environmental Science,2,33,Social Sciences,1556840,0.0904
23,Environmental Science,3,11,Agricultural and Biological Sciences,1530226,0.0889
23,Environmental Science,4,22,Engineering,1094351,0.0636
23,Environmental Science,5,,(no topic),932626,0.0542
23,Environmental Science,6,12,Arts and Humanities,888757,0.0516
23,Environmental Science,7,19,Earth and Planetary Sciences,828248,0.0481
23,Environmental Science,8,31,Physics and Astronomy,497020,0.0289
23,Environmental Science,9,13,"Biochemistry, Genetics and Molecular Biology",430285,0.025
23,Environmental Science,10,27,Medicine,406492,0.0236
23,Environmental Science,,(other),17 others,1763865,0.1025
24,Immunology and Microbiology,1,24,Immunology and Microbiology,1480175,0.5232
24,Immunology and Microbiology,2,27,Medicine,564529,0.1996
24,Immunology and Microbiology,3,13,"Biochemistry, Genetics and Molecular Biology",218670,0.0773
24,Immunology and Microbiology,4,11,Agricultural and Biological Sciences,93687,0.0331
24,Immunology and Microbiology,5,31,Physics and Astronomy,77489,0.0274
24,Immunology and Microbiology,6,,(no topic),57473,0.0203
24,Immunology and Microbiology,7,22,Engineering,48880,0.0173
24,Immunology and Microbiology,8,12,Arts and Humanities,44054,0.0156
24,Immunology and Microbiology,9,33,Social Sciences,43968,0.0155
24,Immunology and Microbiology,10,23,Environmental Science,39444,0.0139
24,Immunology and Microbiology,,(other),17 others,160485,0.0567
25,Materials Science,1,25,Materials Science,4423012,0.472
25,Materials Science,2,22,Engineering,1300921,0.1388
25,Materials Science,3,16,Chemistry,1278260,0.1364
25,Materials Science,4,31,Physics and Astronomy,554951,0.0592
25,Materials Science,5,,(no topic),262895,0.0281
25,Materials Science,6,13,"Biochemistry, Genetics and Molecular Biology",191470,0.0204
25,Materials Science,7,11,Agricultural and Biological Sciences,182422,0.0195
25,Materials Science,8,12,Arts and Humanities,177483,0.0189
25,Materials Science,9,33,Social Sciences,173593,0.0185
25,Materials Science,10,23,Environmental Science,152368,0.0163
25,Materials Science,,(other),17 others,673741,0.0719
26,Mathematics,1,26,Mathematics,2997045,0.6653
26,Mathematics,2,31,Physics and Astronomy,277483,0.0616
26,Mathematics,3,17,Computer Science,183434,0.0407
26,Mathematics,4,33,Social Sciences,181805,0.0404
26,Mathematics,5,22,Engineering,176171,0.0391
26,Mathematics,6,12,Arts and Humanities,138062,0.0306
26,Mathematics,7,,(no topic),117647,0.0261
26,Mathematics,8,27,Medicine,86749,0.0193
26,Mathematics,9,11,Agricultural and Biological Sciences,57002,0.0127
26,Mathematics,10,18,Decision Sciences,47530,0.0106
26,Mathematics,,(other),17 others,241878,0.0537
27,Medicine,1,27,Medicine,36207368,0.6988
27,Medicine,2,13,"Biochemistry, Genetics and Molecular Biology",1833729,0.0354
27,Medicine,3,33,Social Sciences,1542691,0.0298
27,Medicine,4,,(no topic),1538226,0.0297
27,Medicine,5,12,Arts and Humanities,1417157,0.0273
27,Medicine,6,31,Physics and Astronomy,1281854,0.0247
27,Medicine,7,22,Engineering,1050307,0.0203
27,Medicine,8,11,Agricultural and Biological Sciences,1032876,0.0199
27,Medicine,9,36,Health Professions,956199,0.0185
27,Medicine,10,32,Psychology,512556,0.0099
27,Medicine,,(other),17 others,4443250,0.0858
28,Neuroscience,1,28,Neuroscience,2297090,0.5132
28,Neuroscience,2,27,Medicine,747796,0.1671
28,Neuroscience,3,32,Psychology,233001,0.0521
28,Neuroscience,4,12,Arts and Humanities,199038,0.0445
28,Neuroscience,5,13,"Biochemistry, Genetics and Molecular Biology",197119,0.044
28,Neuroscience,6,33,Social Sciences,125673,0.0281
28,Neuroscience,7,31,Physics and Astronomy,108599,0.0243
28,Neuroscience,8,17,Computer Science,104805,0.0234
28,Neuroscience,9,22,Engineering,93047,0.0208
28,Neuroscience,10,,(no topic),88189,0.0197
28,Neuroscience,,(other),17 others,281672,0.0629
29,Nursing,1,29,Nursing,552596,0.4009
29,Nursing,2,27,Medicine,223550,0.1622
29,Nursing,3,11,Agricultural and Biological Sciences,153563,0.1114
29,Nursing,4,13,"Biochemistry, Genetics and Molecular Biology",72020,0.0522
29,Nursing,5,33,Social Sciences,58431,0.0424
29,Nursing,6,36,Health Professions,50713,0.0368
29,Nursing,7,23,Environmental Science,44024,0.0319
29,Nursing,8,,(no topic),26100,0.0189
29,Nursing,9,22,Engineering,23926,0.0174
29,Nursing,10,12,Arts and Humanities,22012,0.016
29,Nursing,,(other),17 others,151563,0.1099
30,"Pharmacology, Toxicology and Pharmaceutics",1,30,"Pharmacology, Toxicology and Pharmaceutics",430175,0.3548
30,"Pharmacology, Toxicology and Pharmaceutics",2,27,Medicine,209545,0.1728
30,"Pharmacology, Toxicology and Pharmaceutics",3,16,Chemistry,114613,0.0945
30,"Pharmacology, Toxicology and Pharmaceutics",4,11,Agricultural and Biological Sciences,76463,0.0631
30,"Pharmacology, Toxicology and Pharmaceutics",5,13,"Biochemistry, Genetics and Molecular Biology",72074,0.0594
30,"Pharmacology, Toxicology and Pharmaceutics",6,,(no topic),49421,0.0408
30,"Pharmacology, Toxicology and Pharmaceutics",7,33,Social Sciences,35173,0.029
30,"Pharmacology, Toxicology and Pharmaceutics",8,12,Arts and Humanities,26328,0.0217
30,"Pharmacology, Toxicology and Pharmaceutics",9,22,Engineering,24966,0.0206
30,"Pharmacology, Toxicology and Pharmaceutics",10,36,Health Professions,24476,0.0202
30,"Pharmacology, Toxicology and Pharmaceutics",,(other),17 others,149154,0.123
31,Physics and Astronomy,1,31,Physics and Astronomy,8122332,0.4432
31,Physics and Astronomy,2,12,Arts and Humanities,2093198,0.1142
31,Physics and Astronomy,3,33,Social Sciences,1984096,0.1083
31,Physics and Astronomy,4,22,Engineering,1322633,0.0722
31,Physics and Astronomy,5,,(no topic),844715,0.0461
31,Physics and Astronomy,6,27,Medicine,534649,0.0292
31,Physics and Astronomy,7,17,Computer Science,378230,0.0206
31,Physics and Astronomy,8,11,Agricultural and Biological Sciences,337930,0.0184
31,Physics and Astronomy,9,14,"Business, Management and Accounting",308255,0.0168
31,Physics and Astronomy,10,23,Environmental Science,305444,0.0167
31,Physics and Astronomy,,(other),17 others,2095780,0.1144
32,Psychology,1,32,Psychology,4336386,0.4594
32,Psychology,2,33,Social Sciences,1355624,0.1436
32,Psychology,3,12,Arts and Humanities,1090859,0.1156
32,Psychology,4,27,Medicine,637779,0.0676
32,Psychology,5,36,Health Professions,273650,0.029
32,Psychology,6,28,Neuroscience,264692,0.028
32,Psychology,7,,(no topic),254535,0.027
32,Psychology,8,17,Computer Science,190185,0.0201
32,Psychology,9,31,Physics and Astronomy,175960,0.0186
32,Psychology,10,22,Engineering,160446,0.017
32,Psychology,,(other),17 others,698503,0.074
33,Social Sciences,1,33,Social Sciences,30385060,0.5492
33,Social Sciences,2,12,Arts and Humanities,9234716,0.1669
33,Social Sciences,3,,(no topic),2563349,0.0463
33,Social Sciences,4,14,"Business, Management and Accounting",1757095,0.0318
33,Social Sciences,5,32,Psychology,1705780,0.0308
33,Social Sciences,6,20,"Economics, Econometrics and Finance",1442434,0.0261
33,Social Sciences,7,17,Computer Science,1242151,0.0225
33,Social Sciences,8,27,Medicine,1179056,0.0213
33,Social Sciences,9,22,Engineering,1152875,0.0208
33,Social Sciences,10,23,Environmental Science,848660,0.0153
33,Social Sciences,,(other),17 others,3811323,0.0689
34,Veterinary,1,34,Veterinary,271235,0.5183
34,Veterinary,2,27,Medicine,70568,0.1348
34,Veterinary,3,11,Agricultural and Biological Sciences,51005,0.0975
34,Veterinary,4,13,"Biochemistry, Genetics and Molecular Biology",22111,0.0422
34,Veterinary,5,24,Immunology and Microbiology,14414,0.0275
34,Veterinary,6,,(no topic),13529,0.0259
34,Veterinary,7,33,Social Sciences,12238,0.0234
34,Veterinary,8,23,Environmental Science,11681,0.0223
34,Veterinary,9,31,Physics and Astronomy,10924,0.0209
34,Veterinary,10,12,Arts and Humanities,9129,0.0174
34,Veterinary,,(other),17 others,36515,0.0698
35,Dentistry,1,35,Dentistry,808747,0.7696
35,Dentistry,2,27,Medicine,87377,0.0831
35,Dentistry,3,22,Engineering,21956,0.0209
35,Dentistry,4,36,Health Professions,20618,0.0196
35,Dentistry,5,31,Physics and Astronomy,16399,0.0156
35,Dentistry,6,13,"Biochemistry, Genetics and Molecular Biology",15768,0.015
35,Dentistry,7,,(no topic),12278,0.0117
35,Dentistry,8,12,Arts and Humanities,11995,0.0114
35,Dentistry,9,33,Social Sciences,10385,0.0099
35,Dentistry,10,11,Agricultural and Biological Sciences,8847,0.0084
35,Dentistry,,(other),17 others,36532,0.0348
36,Health Professions,1,36,Health Professions,2733859,0.3373
36,Health Professions,2,27,Medicine,1553753,0.1917
36,Health Professions,3,33,Social Sciences,1102197,0.136
36,Health Professions,4,12,Arts and Humanities,414211,0.0511
36,Health Professions,5,32,Psychology,406426,0.0501
36,Health Professions,6,,(no topic),322835,0.0398
36,Health Professions,7,20,"Economics, Econometrics and Finance",191175,0.0236
36,Health Professions,8,22,Engineering,184489,0.0228
36,Health Professions,9,29,Nursing,165457,0.0204
36,Health Professions,10,14,"Business, Management and Accounting",152990,0.0189
36,Health Professions,,(other),17 others,877488,0.1083
,(no topic),1,31,Physics and Astronomy,31493083,0.3196
,(no topic),2,,(no topic),27269983,0.2768
,(no topic),3,11,Agricultural and Biological Sciences,11582257,0.1176
,(no topic),4,12,Arts and Humanities,4294648,0.0436
,(no topic),5,33,Social Sciences,3876447,0.0393
,(no topic),6,23,Environmental Science,3788279,0.0384
,(no topic),7,13,"Biochemistry, Genetics and Molecular Biology",3645277,0.037
,(no topic),8,19,Earth and Planetary Sciences,3001894,0.0305
,(no topic),9,22,Engineering,2797681,0.0284
,(no topic),10,27,Medicine,1958956,0.0199
,(no topic),,(other),17 others,4817753,0.0489
